metric,value
ATT Principal,0.056912659541544626
Erro-Padrão,0.029249741162786943
P-valor,0.05168487730792932
Correlação Peso vs Pós-Períodos,0.4193840358476458
