outcome_label,outcome_var,outcome_type,filter_applied,filter_crop,n_microregions,retention_rate,att,se,z,p_value,ci_lower,ci_upper,significant,n_valid,pct_valid,mean_outcome
Área Cana (área plantada),log_area_cana,Área plantada,TRUE,Cana-de-açúcar,225,40.394973070017954,0.26439107207867274,0.11192188389393948,2.362282181822615,0.018162811305912324,0.045024179646551366,0.4837579645107941,TRUE,3669,85.82456140350877,3.151030881895461
Área Soja (especificidade),log_area_soja,Área plantada alternativa,TRUE,Soja,375,67.3249551166966,0.03077131710225294,0.06766805598139373,0.45473919201571184,0.6492968815906797,-0.10185807262127877,0.16340070682578467,FALSE,6514,91.42456140350878,4.187342509918141
Área Arroz (especificidade),log_area_arroz,Área plantada alternativa,TRUE,Arroz,48,8.617594254937163,-0.21243605612720803,0.14288519014155313,-1.4867604957291405,0.13707807855413792,-0.4924910288046521,0.06761891655023608,FALSE,881,96.60087719298247,3.6465742421820404
Valor Produção Cana (valor específico),log_valor_producao_cana,Valor de produção por cultura,TRUE,Cana-de-açúcar,225,40.394973070017954,0.5014620845084309,0.22859321898292875,2.193687488804643,0.02825788388242011,0.05341937530189056,0.9495047937149712,TRUE,3965,92.7485380116959,10.184094354983328
Valor Produção Soja (valor específico),log_valor_producao_soja,Valor de produção por cultura,TRUE,Soja,375,67.3249551166966,0.34682120409286343,0.28832407397836957,1.2028867354270334,0.22902015406661066,-0.21829398090474095,0.9119363890904678,FALSE,4970,69.75438596491227,7.981810242843482
Valor Produção Arroz (valor específico),log_valor_producao_arroz,Valor de produção por cultura,TRUE,Arroz,48,8.617594254937163,-0.13904894327499845,0.20397780769084675,-0.6816866248790363,0.4954371266464375,-0.5388454463490581,0.26074755979906117,FALSE,876,96.05263157894737,9.909685836409952
Área Outras Lavouras Temporárias,log_area_outras,Área plantada alternativa,TRUE,Outras,549,98.56373429084381,0.03954172140731014,0.052314743328716856,0.7558427871633026,0.4497434598226498,-0.0629951755169749,0.14207861833159519,FALSE,10051,96.35701275045537,3.267699521739525
Valor Produção Outras Lavouras,log_valor_producao_outras,Valor de produção por cultura,TRUE,Outras,549,98.56373429084381,0.0871039622279548,0.06292538968782062,1.3842419198369147,0.16628439147446494,-0.03622980156017361,0.2104377260160832,FALSE,10330,99.03173233630524,11.315485978924741
