outcome_label,outcome_var,outcome_type,att,se,z,p_value,ci_lower,ci_upper,significant,n_valid,pct_valid,mean_outcome
PIB Agropecuário (robustez),log_pib_agro,Medida agregada de valor,0.028208492757134863,0.03149367945408044,0.8956874282747571,0.37041972663114403,-0.03351911897286279,0.08993610448713252,FALSE,10602,100,19.194308362109858
Área Soja (especificidade),log_area_soja,Área plantada alternativa,0.038561089403004616,0.045048822408571325,0.8559844040599759,0.3920064061100325,-0.04973460251779518,0.1268567813238044,FALSE,6514,61.44123750235805,2.8140742674181083
Área Arroz (especificidade),log_area_arroz,Área plantada alternativa,-0.005114073541635388,0.011558940707205563,-0.442434447167585,0.6581748565766684,-0.027769597327758293,0.017541450244487514,FALSE,881,8.309752876815695,0.3136838057790897
