outcome_label,outcome_var,outcome_type,att,se,z,p_value,ci_lower,ci_upper,significant,n_valid,pct_valid,mean_outcome
PIB Agropecuário (robustez),log_pib_agro,Medida agregada de valor,0.004547328474394778,0.03138691652680466,0.1448797453713341,0.884805818545428,-0.05697102791814236,0.06606568486693191,FALSE,10602,100,19.194308362109858
Área Soja (especificidade),log_area_soja,Área plantada alternativa,0.018932928169930044,0.04705369434551257,0.40236857983788993,0.6874127901133327,-0.07329231274727459,0.11115816908713468,FALSE,6514,61.44123750235805,2.8140742674181083
Área Arroz (especificidade),log_area_arroz,Área plantada alternativa,-0.00380954007361877,0.010857126133914643,-0.3508792314495478,0.7256789530226191,-0.02508950729609147,0.01747042714885393,FALSE,881,8.309752876815695,0.3136838057790897
