outcome_label,outcome_var,outcome_type,filter_applied,filter_crop,n_microregions,retention_rate,att,se,z,p_value,ci_lower,ci_upper,significant,n_valid,pct_valid,mean_outcome
Área Cana (área plantada),log_area_cana,Área plantada,TRUE,Cana-de-açúcar,225,51.724137931034484,0.27131535759405817,0.11108895102854394,2.4423253175227533,0.014592989924066694,0.05358101357811207,0.4890497016100043,TRUE,3669,85.82456140350877,3.151030881895461
Área Soja (especificidade),log_area_soja,Área plantada alternativa,TRUE,Soja,375,86.20689655172413,0.03434095530715475,0.06767594688233787,0.5074322102483517,0.61185159005155,-0.09830390058222746,0.16698581119653697,FALSE,6514,91.42456140350878,4.187342509918141
Área Arroz (especificidade),log_area_arroz,Área plantada alternativa,TRUE,Arroz,48,11.03448275862069,-0.21244648849060366,0.14294243220721167,-1.4862380974645637,0.13721615380569263,-0.49261365561673853,0.06772067863553122,FALSE,881,96.60087719298247,3.6465742421820404
Valor Produção Cana (valor específico),log_valor_producao_cana,Valor de produção por cultura,TRUE,Cana-de-açúcar,225,51.724137931034484,0.4770761222318859,0.21086069423347867,2.262518028626218,0.023665416242715672,0.06378916153426772,0.8903630829295041,TRUE,3965,92.7485380116959,9.395167890633838
Valor Produção Soja (valor específico),log_valor_producao_soja,Valor de produção por cultura,TRUE,Soja,375,86.20689655172413,0.36644938296697105,0.24584243100293846,1.4905863950010771,0.1360701184203724,-0.1154017817987883,0.8483005477327303,FALSE,4970,69.75438596491227,7.404871116615331
Valor Produção Arroz (valor específico),log_valor_producao_arroz,Valor de produção por cultura,TRUE,Arroz,48,11.03448275862069,-0.13483648943979745,0.19145495220876124,-0.7042726651059547,0.4812629858835289,-0.5100881957689695,0.2404152168893746,FALSE,876,96.05263157894737,9.086375490807448
