metodo,control,att,se,z,p,ci_low,ci_high
dr,notyettreated,0.12742085669571437,0.014326752886051794,8.89391041425503,5.899526279689333e-19,0.09934042103905286,0.1555012923523759
