outcome,metodo,control,att,se,z,p,ci_low,ci_high,n_microregions,retention_rate
Valor Produção Cana (Microregiões Produtoras),dr,notyettreated,0.4770761222318859,0.21086069423347867,2.262518028626218,0.023665416242715672,0.06378916153426772,0.8903630829295041,225,51.724137931034484
