metodo,control,att,se,z,p,ci_low,ci_high
dr,notyettreated,0.05944035394656505,0.028801824193354197,2.063770459382238,0.03903948518392137,0.0029887785275908227,0.11589192936553927
