metodo,control,att,se,z,p,ci_low,ci_high
dr,notyettreated,0.082057718244160055,0.03198704707331445,2.565342091631135,0.010307412597989582,0.01936310598046373,0.14475233050785638
