outcome,metodo,control,att,se,z,p,ci_low,ci_high
Valor Produção Cana (principal),dr,notyettreated,0.4851657805700519,0.20537527368142983,2.362337840740372,0.018160084320743154,0.08263024415444942,0.8877013169856544
