metodo,control,att,se,z,p,ci_low,ci_high
dr,notyettreated,0.13723795946405062,0.04139833412774451,3.315059950010788,9.162347265051205e-4,0.05609722457367139,0.21837869435442986
