outcome,metodo,control,att,se,z,p,ci_low,ci_high
Valor Produção Cana (principal),dr,notyettreated,0.5014620845084309,0.22859321898292875,2.193687488804643,0.02825788388242011,0.05341937530189056,0.9495047937149712
