metodo,control,att,se,z,p,ci_low,ci_high
dr,notyettreated,0.11807236229373048,0.04233285549352978,2.789142402920985,0.005284782223329766,0.03509996552641212,0.20104475906104885
