outcome,metodo,control,att,se,z,p,ci_low,ci_high,n_microregions,retention_rate
PIB Agro (Microregiões Produtoras de Cana),dr,notyettreated,-0.04645733886662084,0.04061774353765801,-1.1437695652282789,0.2527192147716864,-0.12606811620043054,0.03315343846718887,225,51.724137931034484
