variable,Controle_mean,Controle_sd,Tratado_mean,Tratado_sd,diff_means,std_diff,balanced
log_area_total,8.017763520889245,1.1405105053328672,9.073448313098533,1.186072532950308,1.0556847922092878,0.9073240918627962,FALSE
log_populacao,11.703434053160935,0.7959349105394863,12.066516293546867,0.7798650353666838,0.36308224038593195,0.46079879997631484,FALSE
log_pib_per_capita,9.345857752666829,0.8032883473017602,8.913820198047038,0.7135527512036313,-0.4320375546197912,-0.5686600931834666,FALSE
log_densidade_estacoes_uf,0.46399966876357274,0.0952054269612154,0.551501417043409,0.09889630152828506,0.08750174827983631,0.9014441445419519,FALSE
log_precip_anual,5.4366560301949765,0.8763278439723416,5.872203965578255,0.7244971644714384,0.43554793538327896,0.541723222359786,FALSE
