variable,Controle_mean,Controle_sd,Tratado_mean,Tratado_sd,diff_means,std_diff,balanced
log_area_plantada,6.776958064655748,3.022472938105188,6.378676073907282,2.5393826797786727,-0.39828199074846626,-0.14268190061052968,FALSE
log_populacao,11.717198679909517,0.7310188624506189,12.054318936923096,0.7581945432260644,0.33712025701357895,0.45267406117145437,FALSE
log_pib_per_capita,9.372705670845487,0.8059084931297039,8.91464004575565,0.701886140348179,-0.45806562508983717,-0.6061560242712127,FALSE
log_densidade_estacoes_uf,0.46444488393157024,0.10854147767736728,0.5598240554028698,0.09507139042424748,0.0953791714712996,0.9348244030952811,FALSE
