variable,Controle_mean,Controle_sd,Tratado_mean,Tratado_sd,diff_means,std_diff,balanced
log_area_total,7.032645473731616,2.3909317144514337,8.842051658709487,0.9701065327004464,1.8094061849778704,0.9917226328129133,FALSE
log_populacao,11.881964773204354,0.8627440440398936,12.182054174164351,0.8172596242788014,0.3000894009599975,0.3571176468888322,FALSE
log_pib_per_capita,9.555298855679569,0.7513334022154672,9.096472072126044,0.6601155971337435,-0.45882678355352446,-0.6487965115357079,FALSE
log_densidade_estacoes_uf,0.4522677389571849,0.07333605840704678,0.5369870565090248,0.09342259656457051,0.08471931755183987,1.0087792436753602,FALSE
log_precip_anual,5.604880618515264,0.6531450864142749,5.97198824000556,0.5984003134670726,0.3671076214902955,0.5860864877768741,FALSE
