variable,Controle_mean,Controle_sd,Tratado_mean,Tratado_sd,diff_means,std_diff,balanced
log_area_total,7.772923944650734,0.7484104276750247,8.842051658709487,0.9701065327004464,1.0691277140587525,1.2340186193447975,FALSE
log_populacao,11.880589281229726,0.8624264960822303,12.181558101915792,0.818695210274542,0.3009688206860659,0.3579360622642835,FALSE
log_pib_per_capita,9.555415355011379,0.7513152725960744,9.096622089776872,0.6598184971710376,-0.45879326523450636,-0.6488851646866262,FALSE
log_densidade_estacoes_uf,0.44925405951569763,0.07860787953293441,0.5353266068829562,0.09610979975151013,0.08607254736725856,0.9803692608785528,FALSE
log_precip_anual,5.608772778006809,0.6602459897283086,5.97198824000556,0.5984003134670726,0.36321546199875065,0.5764570677240738,FALSE
