variable,Controle_mean,Controle_sd,Tratado_mean,Tratado_sd,diff_means,std_diff,balanced
log_area_plantada,1.4856823957755547,2.407238357297867,0.8360721500427143,1.9405355867925886,-0.6496102457328404,-0.2971174312394556,FALSE
log_populacao,11.703434053160935,0.7959349105394863,12.0664953599585,0.779872388967419,0.3630613067975652,0.4607701044398779,FALSE
log_pib_per_capita,9.345857701113626,0.8032884338508748,8.91384104686758,0.7135539748721365,-0.4320166542460466,-0.5686321191885482,FALSE
log_densidade_estacoes_uf,0.46399966876357274,0.0952054269612154,0.551501417043409,0.09889630152828506,0.08750174827983631,0.9014441445419519,FALSE
