variable,Controle_mean,Controle_sd,Tratado_mean,Tratado_sd,diff_means,std_diff,balanced
log_area_total,7.772923944650734,0.7484104276750247,8.842051658709487,0.9701065327004464,1.0691277140587525,1.2340186193447975,FALSE
log_populacao,11.880714223979167,0.8612877618053169,12.181896517535161,0.8173133399793818,0.30118229355599446,0.3587260818238306,FALSE
log_pib_per_capita,9.555298855679569,0.7513334022154672,9.096472072126044,0.6601155971337435,-0.45882678355352446,-0.6487965115357079,FALSE
log_densidade_estacoes_uf,0.45226773895718514,0.07333880379061009,0.5369870565090248,0.09342259656457051,0.08471931755183965,1.0087648453181255,FALSE
log_precip_anual,5.608772778006809,0.6602459897283086,5.97198824000556,0.5984003134670726,0.36321546199875065,0.5764570677240738,FALSE
