control_group,att,se,p_value
not-yet-treated,0.082057718244160055,0.03198704707331445,0.010307412597989582
nevertreated,0.0800870500002498,0.036100978607733675,0.02652636524663433
