control_group,att,se,p_value
not-yet-treated,0.11807236229373048,0.04233285549352978,0.005284782223329766
nevertreated,0.1361214499568004,0.052955606778456815,0.010155701604674884
