control_group,att,se,p_value
not-yet-treated,0.13723795946405062,0.04139833412774451,9.162347265051205e-4
nevertreated,0.15417772353876225,0.054761943207749186,0.0048713929547225445
