control_group,att,se,p_value
not-yet-treated,0.4770761222318859,0.21086069423347867,0.023665416242715672
nevertreated,0.4211546412041326,0.2026978247307302,0.03773273860633443
