control_group,att,se,p_value
not-yet-treated,0.4967816254822535,0.2115204358796883,0.018843006857866298
nevertreated,0.41977899795126344,0.20199138389839166,0.03769071241977415
