control_group,att,se,p_value
not-yet-treated,0.5014620845084309,0.22859321898292875,0.02825788388242011
nevertreated,0.4257557781814319,0.22000140793850473,0.05296070998569308
