control_group,att,se,p_value
not-yet-treated,0.4851657805700519,0.20537527368142983,0.018160084320743154
nevertreated,0.40844893022243095,0.20038569658272434,0.04151856087557598
