control_group,att,se,p_value
not-yet-treated,0.05944035394656505,0.028801824193354197,0.03903948518392137
nevertreated,0.05346693315717855,0.03281436701917391,0.10323350375727082
