var,var_pre,prop_na
log_area_plantada,8.193392285458938,0
log_populacao,0.5760818410281315,0.030303030303030304
log_pib_per_capita,0.6384390379636075,0.06060606060606061
log_densidade_estacoes_uf,0.012887317754475918,0
