var,var_pre,prop_na
log_area_total,0.9554963292582866,0
log_populacao,0.738165422849833,0
log_pib_per_capita,0.5667414548538614,0
log_densidade_estacoes_uf,0.008948167263427021,0
log_precip_anual,0.4383906138043948,0
log_precip_media_mm,0.06957061970635924,0
log_precip_maxima_mm,0.13734281450980176,0
