var,var_pre,prop_na
log_area_total,1.635736710668648,0
log_populacao,0.798722761181604,0
log_pib_per_capita,0.6340544733584867,0
log_densidade_estacoes_uf,0.011319471480168245,0
log_precip_anual,0.6571444496562373,0
