var,var_pre,prop_na
log_area_total,0.9554963292582866,0
log_populacao,0.73672640674141,0
log_pib_per_capita,0.5630523104421907,0
log_densidade_estacoes_uf,0.008226187559354335,0
log_precip_anual,0.4383906138043948,0
log_precip_media_mm,0.06957061970635924,0
log_precip_maxima_mm,0.13734281450980176,0
