var,var_pre,prop_na
log_area_total,1.6031264876482811,0
log_populacao,0.6548270169376104,0
log_pib_per_capita,0.6374872787308475,0
log_densidade_estacoes_uf,0.011136820975197326,0
log_precip_anual,0.7203111332870311,0
log_precip_media_mm,0.13445735594886388,0.0037848605577689245
log_precip_maxima_mm,0.15843076474222834,0.0037848605577689245
