var,var_pre,prop_na
log_area_total,4.86133662058227,0
log_populacao,0.7381506036280545,0.031874405328258804
log_pib_per_capita,0.5669044611108139,0.06374881065651761
log_densidade_estacoes_uf,0.008071278876096532,0
log_precip_anual,0.43360402943242965,0
log_precip_media_mm,0.0680979770897186,0
log_precip_maxima_mm,0.1348262118725129,0
