uf,tipo,att,se,p_value,n_obs,n_treated,n_control,significant
Norte,Região,NA,NA,NA,114,114,0,NA
Nordeste,Região,0.13920883627520955,0.1129623775242855,0.21781952559966075,1178,646,532,FALSE
Centro-Oeste,Região,0.06680802691380802,0.4026951661184165,0.8682338908796093,760,703,57,FALSE
Sudeste,Região,-0.02864102790442564,0.13146057644943807,0.8275321085060453,1767,1292,475,FALSE
Sul,Região,-0.07884440836186017,0.14485074688963734,0.5862248497088862,456,247,209,FALSE
