uf,tipo,att,se,p_value,n_obs,n_treated,n_control,significant
Norte,Região,-4.779984756543353e-4,6.873398961860139e-4,0.48678432336752103,1216,1045,171,FALSE
Nordeste,Região,0.07355470278006696,0.04708004504401029,0.11820958797070383,3572,2090,1482,FALSE
Centro-Oeste,Região,-0.07564703328288666,0.2710002846275496,0.7801373479079765,988,912,76,FALSE
Sudeste,Região,0.12051150870287684,0.09974225827034834,0.22695911376155414,3040,2166,874,FALSE
Sul,Região,0.036720194127607075,0.03528158822471858,0.2979799966816705,1786,1273,513,FALSE
