uf,tipo,att,se,p_value,n_obs,n_treated,n_control,significant
Norte,Região,-4.778427588982276e-4,6.866687294636685e-4,0.4865005872388442,1216,1045,171,FALSE
Nordeste,Região,0.07853003298572964,0.05434132673775623,0.14842265815529457,3572,2090,1482,FALSE
Centro-Oeste,Região,-0.007897235498158555,0.271726173820761,0.9768141756658691,988,912,76,FALSE
Sudeste,Região,0.11077627658525235,0.0891535800009614,0.2140399256897402,3040,2166,874,FALSE
Sul,Região,0.028060169477033502,0.03483416832174976,0.42051055892728195,1786,1273,513,FALSE
