nivel,metodo,att,se,z,p_value,ci_lower,ci_upper,n_obs,n_units,n_treated_units
Município,dr,0.09876472043130691,0.018552560137923862,5.323508976500708,1.0178442781091205e-7,0.06240170256097614,0.13512773830163768,105764,5570,587
