true_att,p_value_empirical,p_value_se,p_value_ci_lower,p_value_ci_upper,n_extremes,placebo_mean,placebo_sd,placebo_ci_95_lower,placebo_ci_95_upper,n_valid_sims
0.11807236229373048,0.0196078431372549,0.0196078431372549,0,0.05803921568627451,0,-0.002288096606322911,0.02259378518612068,-0.0405549944602014,0.04276365224157684,50
