outcome,att,se,p_value,significant
PIB Não-Agropecuário,0.02343499276688381,0.016737997642469703,0.16148118793071822,FALSE
