true_att,p_value_empirical,p_value_se,p_value_ci_lower,p_value_ci_upper,n_extremes,placebo_ci_95_lower,placebo_ci_95_upper,n_valid_sims
0.13723795946405062,1.999600079984003e-4,1.999600079984003e-4,0,5.918816236752649e-4,0,-0.05123372078578281,0.0537922089690704,5000
