true_att,p_value_empirical,p_value_se,p_value_ci_lower,p_value_ci_upper,n_extremes,placebo_mean,placebo_sd,placebo_ci_95_lower,placebo_ci_95_upper,n_valid_sims
0.4967816254822535,0.0196078431372549,0.0196078431372549,0,0.05803921568627451,0,0.012939333590262676,0.13081319417476375,-0.22093445766675257,0.25334245245908,50
