true_att,p_value_empirical,p_value_se,p_value_ci_lower,p_value_ci_upper,n_extremes,placebo_ci_95_lower,placebo_ci_95_upper,n_valid_sims
0.056912659541544626,9.99000999000999e-4,9.99000999000999e-4,0,0.002957042957042957,0,-0.0340922399760005,0.03653027220735069,1000
