outcome,att,se,p_value,significant
PIB Não-Agropecuário,0.014987837642646017,0.01884787357788808,0.4264969072389769,FALSE
