true_att,p_value_empirical,ci_95_lower,ci_95_upper,n_valid_sims
0.082057718244160055,0,-0.03726678646030335,0.03301348057509681,50
