true_att,p_value_empirical,p_value_se,p_value_ci_lower,p_value_ci_upper,n_extremes,placebo_mean,placebo_sd,placebo_ci_95_lower,placebo_ci_95_upper,n_valid_sims
0.5014620845084309,0.0196078431372549,0.0196078431372549,0,0.05803921568627451,0,0.008434061528381014,0.1810684817468663,-0.36191431667757906,0.3203237644943167,50
