metodo,att_global,se_global,z,p,ci_low,ci_high
dr,0.15810106998332132,0.05482005992278651,2.884000313133642,0.003926583628781923,0.05065375253465976,0.2655483874319829
ipw,0.1626560831376086,0.05309448097859401,3.0635214835829414,0.0021874849780738745,0.05859090041956434,0.26672126585565287
reg,0.157450015072753,0.05571431325040421,2.82602451483346,0.004712965696508642,0.04824996110196074,0.26665006904354527
