metodo,att_global,se_global
dr,0.12742085669571437,0.014326752886051794
ipw,NA,NA
reg,0.11808740766033912,0.01605434903231146
