metodo,att_global,se_global,z,p,ci_low,ci_high
dr,0.4770761222318859,0.21086069423347867,2.262518028626218,0.023665416242715672,0.06378916153426772,0.8903630829295041
ipw,0.4134962608386857,0.1994254760559553,2.0734375016493174,0.03813158188292698,0.02262232776901335,0.8043701939083581
reg,0.4573214729135854,0.19575265679151352,2.3362210271335213,0.019479724952632525,0.07364626560221887,0.8409966802249519
