metodo,att_global,se_global,z,p,ci_low,ci_high
dr,0.082057718244160055,0.03198704707331445,2.565342091631135,0.010307412597989582,0.01936310598046373,0.14475233050785638
ipw,0.09439688099746245,0.031705799236417705,2.977274923542597,0.00290823094198979,0.03225351449408375,0.15654024750084114
reg,0.06628866716472691,0.030477231012630873,2.175022630410698,0.029628420565652257,0.006553294379970397,0.1260240399494834
