specification,method,att,se,p_value,ci_lower,ci_upper,n_obs,significant
Baseline (DR),dr,0.4851657805700519,0.20537527368142983,0.018160084320743154,0.08263024415444942,0.8877013169856544,4275,TRUE
Sem covariáveis,dr,0.345709610990789,0.16824968558029413,0.03990397945702851,0.015940227253412542,0.6754789947281654,4275,TRUE
Covariáveis básicas,dr,0.5387008846280092,0.2283415594663277,0.018314927547696962,0.09115142807400695,0.9862503411820116,4275,TRUE
IPW,ipw,0.4293571698600847,0.19882133624442563,0.030810425130107014,0.03966735082101047,0.819046988899159,4275,TRUE
REG,reg,0.4524551853566225,0.19342599153911186,0.019326928917386216,0.07334024193996325,0.8315701287732817,4275,TRUE
Excl. 2022-23,dr,0.4851657805700519,0.20537527368142983,0.018160084320743154,0.08263024415444942,0.8877013169856544,4275,TRUE
