metodo,att_global,se_global,z,p,ci_low,ci_high
dr,0.11807236229373048,0.04233285549352978,2.789142402920985,0.005284782223329766,0.03509996552641212,0.20104475906104885
ipw,0.12241303037583508,0.04167260000026756,2.937494429794376,0.0033087611581173386,0.040734734375310666,0.2040913263763595
reg,0.11425590832581617,0.04263878694564024,2.6796238005429163,0.0073704942737614024,0.030683885912361306,0.19782793073927102
