metodo,att_global,se_global,z,p,ci_low,ci_high
dr,0.4967816254822535,0.2115204358796883,2.3486223608428087,0.018843006857866298,0.08220157115806448,0.9113616798064426
ipw,0.4402409647184366,0.20637643695722174,2.1331939402059303,0.03290882002821759,0.03574314828228198,0.8447387811545912
reg,0.4893210992844047,0.19610607512979894,2.495185827162836,0.0125891182177903,0.10495319202999881,0.8736890065388105
