specification,method,att,se,p_value,ci_lower,ci_upper,n_obs,significant
Baseline (DR),dr,0.5014620845084309,0.22859321898292875,0.02825788388242011,0.05341937530189056,0.9495047937149712,4275,TRUE
Sem covariáveis,dr,0.3573283149344056,0.17831923628214677,0.045084139990495674,0.007822611821397929,0.7068340180474133,4275,TRUE
Covariáveis básicas,dr,0.5528878084568162,0.23875697511384913,0.020575047759504063,0.08492413723367187,1.0208514796799606,4275,TRUE
IPW,ipw,0.4390950647943405,0.21933665870108282,0.04529303171165523,0.0091952137402182,0.8689949158484629,4275,TRUE
REG,reg,0.4914818954208068,0.21557554772599283,0.022616040647049182,0.06895382187786087,0.9140099689637526,4275,TRUE
Excl. 2022-23,dr,0.5014620845084309,0.22859321898292875,0.02825788388242011,0.05341937530189056,0.9495047937149712,4275,TRUE
