specification,method,att,se,p_value,ci_lower,ci_upper,n_obs,significant
Baseline (DR),dr,0.4770761222318859,0.21086069423347867,0.023665416242715672,0.06378916153426772,0.8903630829295041,4275,TRUE
Sem covariáveis,dr,0.345709610990789,0.16824968558029413,0.03990397945702851,0.015940227253412542,0.6754789947281654,4275,TRUE
Covariáveis básicas,dr,0.5386524941393293,0.22807448300452485,0.018189423155430515,0.09162650745046058,0.985678480828198,4275,TRUE
IPW,ipw,0.4134962608386857,0.1994254760559553,0.03813158188292698,0.02262232776901335,0.8043701939083581,4275,TRUE
REG,reg,0.4573214729135854,0.19575265679151352,0.019479724952632525,0.07364626560221887,0.8409966802249519,4275,TRUE
Excl. 2022-23,dr,0.4770761222318859,0.21086069423347867,0.023665416242715672,0.06378916153426772,0.8903630829295041,4275,TRUE
