specification,method,att,se,p_value,ci_lower,ci_upper,n_obs,significant
Baseline (DR),dr,0.11807236229373048,0.04233285549352978,0.005284782223329766,0.03509996552641212,0.20104475906104885,10602,TRUE
Sem covariáveis,dr,0.12438510636907756,0.04210239598839853,0.003133310162421114,0.04186441023181643,0.20690580250633867,10602,TRUE
Covariáveis básicas,dr,0.1346014392122634,0.041230584149064345,0.0010961806409769854,0.05378949428009727,0.2154133841444295,10602,TRUE
IPW,ipw,0.12241303037583508,0.04167260000026756,0.0033087611581173386,0.040734734375310666,0.2040913263763595,10602,TRUE
REG,reg,0.11425590832581617,0.04263878694564024,0.0073704942737614024,0.030683885912361306,0.19782793073927102,10602,TRUE
Excl. 2022-23,dr,0.11807236229373048,0.04233285549352978,0.005284782223329766,0.03509996552641212,0.20104475906104885,10602,TRUE
