specification,method,att,se,p_value,ci_lower,ci_upper,n_obs,significant
Baseline (DR),dr,0.4967816254822535,0.2115204358796883,0.018843006857866298,0.08220157115806448,0.9113616798064426,4725,TRUE
Sem covariáveis,dr,0.3237557740188732,0.17330582795872398,0.06174559511679325,-0.01592364878022584,0.6634351968179721,4725,FALSE
Covariáveis básicas,dr,0.5399809692205462,0.23133432143062269,0.019585162290711045,0.08656569921652574,0.9933962392245665,4725,TRUE
IPW,ipw,0.4402409647184366,0.20637643695722174,0.03290882002821759,0.03574314828228198,0.8447387811545912,4725,TRUE
REG,reg,0.4893210992844047,0.19610607512979894,0.0125891182177903,0.10495319202999881,0.8736890065388105,4725,TRUE
Excl. 2022-23,dr,0.4967816254822535,0.2115204358796883,0.018843006857866298,0.08220157115806448,0.9113616798064426,4275,TRUE
