specification,method,att,se,p_value,ci_lower,ci_upper,n_obs,significant
Baseline (DR),dr,0.13723795946405062,0.04139833412774451,9.162347265051205e-4,0.05609722457367139,0.21837869435442986,10602,TRUE
Sem covariáveis,dr,0.12438510636907756,0.04210239598839853,0.003133310162421114,0.04186441023181643,0.20690580250633867,10602,TRUE
Covariáveis básicas,dr,NA,NA,NA,NA,NA,10602,NA
IPW,ipw,0.1340407152200803,0.04111355880724993,0.0011131180596484532,0.05345813995787044,0.21462329048229015,10602,TRUE
REG,reg,0.11964177855407164,0.0441008291581975,0.006669431379861377,0.03320415340400455,0.20607940370413874,10602,TRUE
Excl. 2022-23,dr,0.13723795946405062,0.04139833412774451,9.162347265051205e-4,0.05609722457367139,0.21837869435442986,10602,TRUE
