metodo,att_global,se_global,z,p,ci_low,ci_high
dr,0.4851657805700519,0.20537527368142983,2.362337840740372,0.018160084320743154,0.08263024415444942,0.8877013169856544
ipw,0.4293571698600847,0.19882133624442563,2.1595125451337096,0.030810425130107014,0.03966735082101047,0.819046988899159
reg,0.4524551853566225,0.19342599153911186,2.339164358193989,0.019326928917386216,0.07334024193996325,0.8315701287732817
