group,n_units,weight,n_post_periods
2004,6,0.045454545454545456,18
2006,44,0.3333333333333333,16
2007,27,0.20454545454545456,15
2008,29,0.2196969696969697,14
2009,1,0.007575757575757576,13
2010,2,0.015151515151515152,12
2011,2,0.015151515151515152,11
2012,3,0.022727272727272728,10
2013,2,0.015151515151515152,9
2015,1,0.007575757575757576,7
2016,4,0.030303030303030304,6
2017,9,0.06818181818181818,5
2018,1,0.007575757575757576,4
2019,1,0.007575757575757576,3
