"scenario","att","se","ci_lower","ci_upper","n_treated","years_range"
"Completo (2003-2023)",0.126209476743712,0.0287179420110168,0.0699223104021193,0.182496643085305,7371,"2003 - 2023"
"Excluindo Início (2006-2023)",0.129950116854258,0.0312294539606059,0.0687403870914702,0.191159846617045,6318,"2006 - 2023"
"Excluindo Final (2003-2019)",0.117431023287589,0.02662170353565,0.0652524843577155,0.169609562217463,5967,"2003 - 2019"
"Excluindo COVID (2003-2019)",0.117431023287589,0.0261903530787042,0.0660979312533292,0.16876411532185,5967,"2003 - 2019"
"Período Central (2010-2019)",0.0204083181557832,0.0400722781651179,-0.058133347047848,0.0989499833594144,3510,"2010 - 2019"
"Pré-COVID (2003-2019)",0.117431023287589,0.0250844619335737,0.068265477897785,0.166596568677394,5967,"2003 - 2019"
