"scenario","att","se","ci_lower","ci_upper","n_treated","years_range"
"Completo (2003-2023)",0.113437280478907,0.025621861920348,0.0632184311150251,0.163656129842789,7486,"2003 - 2023"
"Excluindo Início (2006-2023)",0.113068323987479,0.0315692044227787,0.0511926833188323,0.174943964656125,6304,"2006 - 2023"
"Excluindo Final (2003-2019)",0.10752139599835,0.0258252163137265,0.0569039720234464,0.158138819973254,6698,"2003 - 2019"
"Excluindo COVID (2003-2019)",0.10752139599835,0.0240476412538196,0.060388019140864,0.154654772855837,6698,"2003 - 2019"
"Período Central (2010-2019)",0.0298879654211604,0.0343110764558038,-0.037361744432215,0.0971376752745359,3940,"2010 - 2019"
"Pré-COVID (2003-2019)",0.10752139599835,0.0254578986399712,0.0576239146640067,0.157418877332694,6698,"2003 - 2019"
