"scenario","att","se","ci_lower","ci_upper","n_treated","years_range"
"Completo (2003-2023)",0.109784592190445,0.0278261410576029,0.055245355717543,0.164323828663346,7334,"2003 - 2023"
"Excluindo Início (2006-2023)",0.109216861419043,0.0314486207600737,0.0475775647292982,0.170856158108787,6176,"2006 - 2023"
"Excluindo Final (2003-2019)",0.103957360534885,0.0242202927193078,0.0564855868050421,0.151429134264729,6562,"2003 - 2019"
"Excluindo COVID (2003-2019)",0.103957360534885,0.0249167708929878,0.0551204895846292,0.152794231485141,6562,"2003 - 2019"
"Período Central (2010-2019)",0.0286773356695119,0.0395458076026361,-0.0488324472316549,0.106187118570679,3860,"2010 - 2019"
"Pré-COVID (2003-2019)",0.103957360534885,0.0252071193756114,0.054551406558687,0.153363314511084,6562,"2003 - 2019"
