"scenario","att","se","ci_lower","ci_upper","n_treated","years_range"
"Completo (2003-2023)",0.109816029951673,0.0310042364238424,0.0490477265609419,0.170584333342404,6023,"2003 - 2023"
"Excluindo Início (2006-2023)",0.105806177252793,0.0358788514307696,0.0354836284484851,0.176128726057102,5072,"2006 - 2023"
"Excluindo Final (2003-2019)",0.100832612092081,0.0302067719318748,0.0416273391056064,0.160037885078556,5389,"2003 - 2019"
"Excluindo COVID (2003-2019)",0.100832612092081,0.0274632055461216,0.0470047292216826,0.154660494962479,5389,"2003 - 2019"
"Período Central (2010-2019)",0.00503086812740874,0.0441230062350374,-0.0814502240932646,0.0915119603480821,3170,"2010 - 2019"
"Pré-COVID (2003-2019)",0.100832612092081,0.0281470320287926,0.0456644293156476,0.156000794868514,5389,"2003 - 2019"
