"scenario","att","se","ci_lower","ci_upper","n_treated","years_range"
"Completo (2003-2023)",0.115348693590766,0.0274234148520153,0.0615988004808157,0.169098586700716,7486,"2003 - 2023"
"Excluindo Início (2006-2023)",0.115272321974834,0.031296683957037,0.0539308214190412,0.176613822530626,6304,"2006 - 2023"
"Excluindo Final (2003-2019)",0.108933358674779,0.0248790142361723,0.060170490771881,0.157696226577677,6698,"2003 - 2019"
"Excluindo COVID (2003-2019)",0.108933358674779,0.0254695861779169,0.0590129697660616,0.158853747583496,6698,"2003 - 2019"
"Período Central (2010-2019)",0.0307247946275782,0.0362582872189654,-0.0403414483215939,0.10179103757675,3940,"2010 - 2019"
"Pré-COVID (2003-2019)",0.108933358674779,0.0240948208743251,0.0617075097611017,0.156159207588456,6698,"2003 - 2019"
