var,var_pre,prop_na
log_area_plantada,4.248894801665675,0
log_populacao,0.6309365421729088,0
log_pib_per_capita,0.3630272724707426,0
log_densidade_estacoes_uf,0.006030127573726679,0
