var,var_pre,prop_na
log_area_plantada,5.134691597707191,0
log_populacao,0.9285253825673915,0
log_pib_per_capita,0.6521795529656312,0
log_densidade_estacoes_uf,0.011078280655250659,0
