var,var_pre,prop_na
log_area_plantada,3.098197487544103,0
log_populacao,0.6610768941619326,0
log_pib_per_capita,0.34226692236759026,0
log_densidade_estacoes_uf,3.070452513402133e-4,0
