var,var_pre,prop_na
log_area_plantada,8.814382763032334,0
log_populacao,0.8501670602603244,0
log_pib_per_capita,0.5087596615519229,0
log_densidade_estacoes_uf,0.0038714109109741607,0
