var,var_pre,prop_na
log_area_plantada,5.186832567168511,0
log_populacao,0.7419840393707562,0
log_pib_per_capita,0.6709883703085234,0
log_densidade_estacoes_uf,0.011136820975197326,0
