var,var_pre,prop_na
log_area_plantada,0.14126124316919644,0
log_populacao,0.6619517938211001,0
log_pib_per_capita,0.39470160697733936,0
log_densidade_estacoes_uf,0.008458990083904949,0
