var,var_pre,prop_na
log_area_plantada,5.418672649731737,0
log_populacao,0.9115438671890764,0
log_pib_per_capita,0.6642495212515869,0
log_densidade_estacoes_uf,0.011275714551416594,0
