var,var_pre,prop_na
log_area_plantada,3.2624669583632353,0
log_populacao,0.5728390507792159,0
log_pib_per_capita,0.5157781447947721,0
log_densidade_estacoes_uf,0.009667132844280169,0
